{
  "accuracy": 0.858478538036549,
  "precision": 0.8171597633136095,
  "recall": 0.9829181494661922,
  "f1": 0.8924071082390953,
  "n_samples": 2353
}