{
  "accuracy": 0.8141025641025641,
  "precision": 0.753726893261777,
  "recall": 0.9828926905132193,
  "f1": 0.8531893351333109,
  "n_samples": 2340
}