{
  "accuracy": 0.8553959903312953,
  "precision": 0.8106661379857256,
  "recall": 0.985063840038545,
  "f1": 0.8893964110929853,
  "n_samples": 7033
}