{
  "accuracy": 0.8935897435897436,
  "precision": 0.8610614192009541,
  "recall": 0.989041095890411,
  "f1": 0.9206248007650621,
  "n_samples": 2340
}